5602,1784311660.017502948,5610,0,8
5602,1784311661.152179385,5610,0,8
5602,1784311662.264018146,5610,0,8
5602,1784311663.424741223,5610,0,8
5602,1784311664.588028028,5610,0,8
5602,1784311665.807393138,5610,0,8
5604,1784311666.992015699,5612,0,8
5604,1784311668.154800595,5612,0,8
5604,1784311669.356576441,5612,37,8
5604,1784311670.538754774,5612,0,8
5604,1784311671.716854135,5612,0,8
5604,1784311672.900905610,5612,36,8
5604,1784311674.053594677,5612,38,8
5604,1784311675.259417608,5612,37,8
5604,1784311676.438001462,5612,0,8
5604,1784311677.623869684,5612,43,8
5604,1784311678.782430968,5612,38,8
5604,1784311679.938218323,5612,39,8
5604,1784311681.100785292,5612,42,8
5604,1784311682.297101082,5612,41,8
5604,1784311683.476335652,5612,41,8
5604,1784311684.662518776,5612,0,8
5604,1784311685.819854082,5612,30,8
5604,1784311686.985182555,5612,41,8
5604,1784311688.134022641,5612,40,8
5604,1784311689.294823168,5612,0,8
5604,1784311690.451053114,5612,39,8
5604,1784311691.625816122,5612,42,8
5604,1784311692.811929832,5612,41,8
5604,1784311694.011177715,5612,0,8
5604,1784311695.157723970,5612,40,8
5604,1784311696.344867315,5612,41,8
5604,1784311697.532624868,5612,56,8
5604,1784311698.703424387,5612,41,8
5604,1784311699.891635605,5612,42,8
5604,1784311701.069691365,5612,41,8
5604,1784311702.248112589,5612,42,8
5604,1784311703.434488632,5612,41,8
5604,1784311704.614085299,5612,40,8
5604,1784311705.828103696,5612,76,8
5604,1784311707.031151353,5612,42,8
5604,1784311708.196230744,5612,42,8
5604,1784311709.381849623,5612,37,8
5604,1784311710.553888649,5612,41,8
5604,1784311711.738374654,5612,41,8
5604,1784311712.905690638,5612,42,8
5604,1784311714.090493427,5612,39,8
5604,1784311715.240871603,5612,41,8
5604,1784311716.430226203,5612,79,8
5604,1784311717.598889832,5612,41,8
5604,1784311718.806653597,5612,41,8
5604,1784311720.013021168,5612,41,8
5604,1784311721.161862015,5612,41,8
5604,1784311722.350835421,5612,43,8
5604,1784311723.502257035,5612,43,8
5604,1784311724.718267526,5612,40,8
5604,1784311725.920017465,5612,43,8
5604,1784311727.091042008,5612,41,8
5604,1784311728.242204277,5612,40,8
5604,1784311729.432731630,5612,40,8
5604,1784311730.585501354,5612,42,8
5604,1784311731.771834748,5612,40,8
5604,1784311732.944523235,5612,41,8
5604,1784311734.096385065,5612,0,8
5604,1784311735.280544503,5612,42,8
5604,1784311736.452821434,5612,41,8
5604,1784311737.620956516,5612,39,8
5604,1784311738.801701752,5612,39,8
5604,1784311739.957039664,5612,41,8
5604,1784311741.102402710,5612,41,8
5604,1784311742.289234234,5612,0,8
5604,1784311743.494037734,5612,39,8
5604,1784311744.663011488,5612,41,8
5604,1784311745.828565042,5612,40,8
5604,1784311746.996460320,5612,80,8
5604,1784311748.163743252,5612,43,8
5604,1784311749.345376058,5612,39,8
5604,1784311750.532593229,5612,0,8
5604,1784311751.721547438,5612,42,8
5604,1784311752.900940683,5612,41,8
5604,1784311754.086093066,5612,41,8
5604,1784311755.227766238,5612,0,8
5604,1784311756.429652074,5612,41,8
5604,1784311757.622199999,5612,40,8
5604,1784311758.773334726,5612,39,8
5604,1784311759.973748270,5612,37,8
0,1784311761.140259175,1,41,1
0,1784311762.270583150,1,0,1
0,1784311763.417935593,1,0,1
0,1784311764.571075452,1,0,1
0,1784311765.739477089,1,0,1
0,1784311766.946659433,1,0,1
0,1784311768.154915880,1,0,1
0,1784311769.311892727,1,0,1
0,1784311770.501139474,1,0,1
0,1784311771.670749936,1,0,1
0,1784311772.880324282,1,0,1
0,1784311774.052278226,1,0,1
0,1784311775.221740300,1,0,1
0,1784311776.359464181,1,0,1
0,1784311777.542487762,1,0,1
0,1784311778.744878663,1,0,1
0,1784311779.929855152,1,0,1
0,1784311781.100623869,1,0,1
0,1784311782.227713226,1,0,1
0,1784311783.348776937,1,0,1
0,1784311784.517982166,1,0,1
0,1784311785.627083143,1,0,1
0,1784311786.817658974,1,0,1
0,1784311788.029377408,1,0,1
0,1784311789.224323400,1,0,1
0,1784311790.409264726,1,0,1
0,1784311791.584642383,1,0,1
0,1784311792.761398763,1,0,1
0,1784311793.960134309,1,0,1
0,1784311795.127642731,1,0,1
0,1784311796.335498885,1,0,1
0,1784311797.507169013,1,0,1
0,1784311798.673905436,1,0,1
0,1784311799.842457019,1,0,1
0,1784311800.974442369,1,0,1
0,1784311802.150375246,1,0,1
0,1784311803.318468453,1,0,1
0,1784311804.522321858,1,0,1
0,1784311805.695602112,1,0,1
0,1784311806.895480461,1,0,1
0,1784311808.087715794,1,0,1
0,1784311809.261176551,1,0,1
0,1784311810.453845094,1,0,1
0,1784311811.609574774,1,0,1
0,1784311812.764019004,1,0,1
0,1784311813.957428924,1,0,1
0,1784311815.153991492,1,0,1
0,1784311816.330381375,1,0,1
0,1784311817.524994182,1,0,1
0,1784311818.673307456,1,0,1
0,1784311819.874676009,1,0,1
0,1784311821.010442277,1,0,1
0,1784311822.201794280,1,0,1
0,1784311823.404359240,1,0,1
0,1784311824.613089863,1,0,1
0,1784311825.815202819,1,0,1
0,1784311826.991744710,1,0,1
0,1784311828.186020752,1,0,1
0,1784311829.334359600,1,0,1
0,1784311830.484847780,1,0,1
0,1784311831.645801657,1,0,1
0,1784311832.817882260,1,0,1
0,1784311833.989360682,1,0,1
0,1784311835.157693220,1,0,1
0,1784311836.305630635,1,0,1
0,1784311837.480733510,1,0,1
0,1784311838.622249593,1,0,1
0,1784311839.753897904,1,0,1
0,1784311840.905855279,1,0,1
0,1784311842.101289994,1,0,1
0,1784311843.247953673,1,0,1
0,1784311844.413065432,1,0,1
0,1784311845.601734899,1,0,1
0,1784311846.753824441,1,0,1
0,1784311847.925156455,1,0,1
0,1784311849.058569787,1,0,1
0,1784311850.230454050,1,0,1
0,1784311851.417826926,1,0,1
0,1784311852.546690424,1,0,1
0,1784311853.736128256,1,0,1
0,1784311854.910143283,1,0,1
0,1784311856.042823873,1,0,1
0,1784311857.199861204,1,0,1
0,1784311858.370786099,1,0,1
0,1784311859.517080469,1,0,1
0,1784311860.679112047,1,0,1
0,1784311861.835870790,1,0,1
0,1784311862.997707424,1,0,1
0,1784311864.172418962,1,0,1
0,1784311865.367783624,1,0,1
0,1784311866.559002986,1,0,1
0,1784311867.771049845,1,0,1
0,1784311868.978560580,1,0,1
0,1784311870.157770862,1,0,1
0,1784311871.324346704,1,0,1
0,1784311872.524224215,1,0,1
0,1784311873.703524222,1,0,1
0,1784311874.853377947,1,0,1
0,1784311876.029497360,1,0,1
0,1784311877.207913769,1,0,1
0,1784311878.366960498,1,0,1
0,1784311879.556372781,1,0,1
0,1784311880.710271720,1,0,1
0,1784311881.863384661,1,0,1
0,1784311883.062763669,1,0,1
0,1784311884.220100617,1,0,1
0,1784311885.380548469,1,0,1
0,1784311886.558875491,1,0,1
0,1784311887.732284612,1,0,1
0,1784311888.930779631,1,0,1
0,1784311890.112491841,1,0,1
0,1784311891.271396543,1,0,1
0,1784311892.486095772,1,0,1
0,1784311893.645363866,1,0,1
0,1784311894.825299319,1,0,1
0,1784311896.021050797,1,0,1
0,1784311897.180431126,1,0,1
0,1784311898.400556759,1,0,1
0,1784311899.579176623,1,0,1
0,1784311900.735181986,1,0,1
0,1784311901.891727820,1,0,1
0,1784311903.067514286,1,0,1
0,1784311904.243342177,1,0,1
0,1784311905.403968247,1,0,1
0,1784311906.565408971,1,0,1
0,1784311907.739188814,1,0,1
0,1784311908.918842580,1,0,1
0,1784311910.097102362,1,0,1
0,1784311911.257601428,1,0,1
0,1784311912.415236178,1,0,1
0,1784311913.607792764,1,0,1
0,1784311914.755499176,1,0,1
0,1784311915.934568925,1,0,1
0,1784311917.076061328,1,0,1
0,1784311918.211083048,1,0,1
0,1784311919.346445903,1,0,1
0,1784311920.517398366,1,0,1
0,1784311921.694300432,1,0,1
0,1784311922.858119703,1,0,1
0,1784311924.024298140,1,0,1
0,1784311925.192823001,1,0,1
0,1784311926.350049622,1,0,1
0,1784311927.513274228,1,0,1
0,1784311928.686063877,1,0,1
0,1784311929.857158045,1,0,1
0,1784311931.049057401,1,0,1
0,1784311932.237761208,1,0,1
0,1784311933.399117523,1,0,1
0,1784311934.634818260,1,0,1
0,1784311935.808592631,1,0,1
0,1784311936.999428189,1,0,1
0,1784311938.132249474,1,0,1
0,1784311939.284303555,1,0,1
0,1784311940.478393657,1,0,1
0,1784311941.630754257,1,0,1
0,1784311942.778325773,1,0,1
0,1784311943.934429328,1,0,1
0,1784311945.106566628,1,0,1
0,1784311946.298355173,1,0,1
0,1784311947.512509011,1,0,1
0,1784311948.670447773,1,0,1
0,1784311949.823968835,1,0,1
0,1784311950.995425119,1,0,1
0,1784311952.168357196,1,0,1
0,1784311953.326565462,1,0,1
0,1784311954.534900696,1,0,1
0,1784311955.707020069,1,0,1
0,1784311956.883071699,1,0,1
0,1784311958.059317794,1,0,1
0,1784311959.258524863,1,0,1
0,1784311960.415493335,1,0,1
0,1784311961.606303720,1,0,1
0,1784311962.797615566,1,0,1
0,1784311963.981680742,1,0,1
0,1784311965.150920354,1,0,1
0,1784311966.338727149,1,0,1
0,1784311967.507924224,1,0,1
0,1784311968.657423565,1,0,1
0,1784311969.806227098,1,0,1
0,1784311971.003019616,1,0,1
0,1784311972.155986531,1,0,1
0,1784311973.335133917,1,0,1
0,1784311974.526563578,1,0,1
0,1784311975.692026044,1,0,1
0,1784311976.844152423,1,0,1
0,1784311978.019274939,1,0,1
0,1784311979.184121743,1,0,1
0,1784311980.337225541,1,0,1
0,1784311981.516970039,1,0,1
0,1784311982.685091753,1,0,1
0,1784311983.859041982,1,0,1
